{"last_tab":"","active_theme":"organic-el","preload":"","select_preloader":"loader1","media-preloader":{"url":"","id":"","height":"","width":"","thumbnail":""},"config_media":"","ajax_dropdown_megamenu":"1","enable_lazyloadimage":"0","header_type":"header-01","media-logo":{"url":"","id":"","height":"","width":"","thumbnail":""},"logo_img_width":"160","logo_padding":{"units":"px","padding-top":"0","padding-right":"0","padding-bottom":"0","padding-left":"0"},"logo_tablet_img_width":"100","logo_tablet_padding":{"units":"px","padding-top":"0","padding-right":"0","padding-bottom":"0","padding-left":"0"},"keep_header":"","header_login":"1","enable_ajax_canvas_menu":"1","footer_type":"footer","copyright_text":"Powered by Redux Framework.","back_to_top":"1","category_fixed":"1","show_blog_breadcrumbs":"1","blog_breadcrumb_color":"","blog_breadcrumb_image":{"url":"","id":"","height":"","width":"","thumbnail":""},"blog_archive_layout":"main-right","blog_archive_fullwidth":"0","blog_archive_left_sidebar":"blog-left-sidebar","blog_archive_right_sidebar":"blog-right-sidebar","blog_columns":"2","blog_single_layout":"main-right","blog_single_fullwidth":"0","blog_single_left_sidebar":"blog-left-sidebar","blog_single_right_sidebar":"blog-left-sidebar","show_blog_social_share":"1","show_blog_releated":"1","number_blog_releated":"2","releated_blog_columns":"2","sale_tags":"custom","sale_tag_custom":"- {percent-diff}%","enable_label_featured":"1","custom_label_featured":"Hot","enable_woocommerce_catalog_mode":"0","ajax_update_quantity":"0","ajax_single_add_to_cart":"1","enable_woocommerce_quantity_mode":"0","disable_woocommerce_password_strength":"","disable_ajax_popup_cart":"","enable_hide_sub_title_product":"0","show_product_breadcrumbs":"1","woo_breadcrumb_color":"","woo_breadcrumb_image":{"url":"","id":"","height":"","width":"","thumbnail":""},"product_archive_layout":"left-main","enable_category_image":"0","enable_category_title":"0","enable_category_description":"0","show_top_archive_product":"1","product_archive_fullwidth":"","product_archive_left_sidebar":"product-left-sidebar","product_archive_right_sidebar":"product-right-sidebar","product_display_mode":"grid","number_products_per_page":"9","product_columns":"3","show_swap_image":"1","product_single_layout":"main","product_single_fullwidth":"","product_single_left_sidebar":"product-left-sidebar","product_single_right_sidebar":"product-right-sidebar","style_single_product":"horizontal","enable_total_sales":"1","enable_buy_now":"1","redirect_buy_now":"cart","show_product_countdown":"1","show_product_nav":"1","show_product_social_share":"1","style_single_tabs_style":"default","show_product_review_tab":"1","show_product_releated":"1","show_product_upsells":"1","number_product_thumbnail":"4","number_product_releated":"6","releated_product_columns":"4","show_vendor_name":"1","show_info_vendor_tab":"1","seller_tab_per_page":"4","seller_tab_columns":"4","show_vendor_name":"1","seller_tab_per_page":"4","seller_tab_columns":"4","mobile-logo":{"url":"","id":"","height":"","width":"","thumbnail":""},"logo_img_width_mobile":"200","logo_mobile_padding":{"units":"px","padding-top":"0","padding-right":"0","padding-bottom":"0","padding-left":"0"},"logo_all_page":"","mobile_footer":"","mobile_footer_icon":"1","mobile_search_type":"product","mobile_search_placeholder":"Searching for ...","mobile_show_search_product_image":"1","mobile_show_search_product_price":"1","mobile_search_min_chars":"2","mobile_search_max_number_results":"4","menu_mobile_type":"smart_menu","menu_mobile_themes":"theme-light","enable_menu_mobile_effects":"0","menu_mobile_effects_panels":"fx-panels-slide-100","menu_mobile_effects_listitems":"no-effect","menu_mobile_title":"Menu","enable_menu_mobile_search":"1","menu_mobile_search_items":"Search in menu...","menu_mobile_no_esults":"No results found.","menu_mobile_search_splash":"What are you looking for? &lt;\/br&gt; Start typing to search the menu.","enable_menu_mobile_counters":"1","enable_menu_social":"1","menu_social_slides":[{"title":"fa fa-facebook","url":"https:\/\/www.facebook.com\/","sort":"0","attachment_id":"","image":"","height":"","width":"","thumb":""},{"title":"fa fa-instagram","url":"https:\/\/www.instagram.com\/","sort":"1","attachment_id":"","image":"","height":"","width":"","thumb":""},{"title":"fa fa-twitter","url":"https:\/\/twitter.com\/","sort":"2","attachment_id":"","image":"","height":"","width":"","thumb":""},{"title":"fa fa-google-plus","url":"https:\/\/plus.google.com","sort":"3","attachment_id":"","image":"","height":"","width":"","thumb":""}],"menu_mobile_one_select":"16","menu_mobile_tab_one":"Menu","menu_mobile_tab_one_icon":"icon-menu icons","enable_menu_second":"1","menu_mobile_tab_scond":"Categories","menu_mobile_second_select":"112","menu_mobile_tab_second_icon":"icon-grid icons","enable_add_cart_mobile":"1","disable_add_cart_fixed":"0","mobile_form_cart_style":"popup","disable_redirect_add_to_cart":"0","enable_quantity_mobile":"1","show_typography":"","font_source":"1","font_google_code":"https:\/\/fonts.googleapis.com\/css?family=Yantramanav|Poppins:400,700","main_font":{"font-family":"Roboto","font-options":"","google":"1","subsets":""},"main_google_font_face":"Roboto","main_custom_font_face":"","secondary_font":{"font-family":"Pontano Sans","font-options":"","google":"1","subsets":""},"secondary_google_font_face":"Roboto","secondary_custom_font_face":"","main_color":"","header_mobile_bg":{"background-color":"","background-repeat":"","background-size":"","background-attachment":"","background-position":"","background-image":"","media":{"id":"","height":"","width":"","thumbnail":""}},"header_mobile_color":"","enable_code_share":"1","code_share":"<script type=\"text\/javascript\" src=\"\/\/s7.addthis.com\/js\/300\/addthis_widget.js#pubid=ra-59f2a47d2f1aaba2\"><\/script>","minified_js":"0","custom_css":"","css_desktop":"","css_tablet":"","css_wide_mobile":"","css_mobile":"","header_js":"","footer_js":"","redux-backup":1}