{"sidebar-default":{"recent-posts-2":{"title":"","number":5},"recent-comments-2":{"title":"","number":5}},"top-archive-product":{"tbay_template_elementor-2":{"title":"","template_id":"2850"}},"blog-left-sidebar":{"categories-2":{"title":"","count":1,"hierarchical":1,"dropdown":0},"woocommerce_products-3":{"title":"Products","number":5,"show":"","orderby":"date","order":"desc","hide_free":0,"show_hidden":0},"recent-comments-3":{"title":"Recent Comment","number":5},"tag_cloud-3":{"title":"Tag Cloud","count":0,"taxonomy":"product_tag"}},"blog-right-sidebar":{"categories-5":{"title":"","count":0,"hierarchical":0,"dropdown":0},"woocommerce_products-4":{"title":"Products","number":5,"show":"","orderby":"date","order":"desc","hide_free":0,"show_hidden":0},"recent-comments-4":{"title":"Recent Comment","number":5},"tag_cloud-4":{"title":"Tag Cloud","count":0,"taxonomy":"product_tag"}},"product-left-sidebar":{"tbay_custom_menu-4":{"title":"Custom Menu","nav_menu":"category-menu-image"},"woocommerce_price_filter-2":{"title":"Select Price"},"yith-woocompare-widget-2":{"title":"Compare Products"},"woocommerce_product_tag_cloud-2":{"title":"Trending Tags"},"woocommerce_layered_nav-2":{"title":"Filter by","attribute":"color","display_type":"list","query_type":"and"},"woocommerce_products-2":{"title":"Products","number":5,"show":"","orderby":"date","order":"desc","hide_free":0,"show_hidden":0}},"product-right-sidebar":{"tbay_custom_menu-5":{"title":"Custom Menu","nav_menu":"category-menu-image"},"woocommerce_price_filter-3":{"title":"Select Price"},"yith-woocompare-widget-3":{"title":"Compare Products"},"woocommerce_product_tag_cloud-3":{"title":"Trending Tags"},"woocommerce_layered_nav-3":{"title":"Filter by","attribute":"color","display_type":"list","query_type":"and"},"woocommerce_products-5":{"title":"Products","number":5,"show":"","orderby":"date","order":"desc","hide_free":0,"show_hidden":0}}}