SKU,Name,Stock,Cost,Regular price,Sale price,Categories,Tags,Swatches Attributes,Attribute 1 name,Attribute 1 value(s),Attribute 1 visible,Attribute 1 global,Short description,,Parent,ID
,DIR Shampoo,20,0,,,"Hair Care, Hair Care > Shampoos, Top Deal Of The Day",,,Liter,"1 L, 650 ml",1,1,"<h1 class=""a-size-base-plus a-text-bold"">About this item</h1>\n<ul class=""a-unordered-list a-vertical a-spacing-mini"">\n 	<li><span class=""a-list-item"">- Nourishing system that rebuilds damaged hair from within</span></li>\n 	<li><span class=""a-list-item"">- Visible repair and hair nourishment with every wash. Ideal For Men &amp; Women</span></li>\n 	<li><span class=""a-list-item"">- Actively helps repair damage deep inside hair</span></li>\n 	<li><span class=""a-list-item"">- Hair looks healthy, strong against breakage and more beautiful</span></li>\n 	<li><span class=""a-list-item"">- Strengthening shampoo which helps protect hair against damage, wash after wash</span></li>\n 	<li><span class=""a-list-item"">- A nourishing formula enriched with Fiber Actives</span></li>\n</ul>",,,4504
,DIR Shampoo - 1 L,0,0,580,450,,,,Liter,1 L,,1,,,id:4504,
,DIR Shampoo - 650 ml,12,0,420,390,,,,Liter,650 ml,,1,,,id:4504,
,,,0,,,,,,,,,,,,,
